company_id,core_service,type_ticks,date
2,service-b,bankid-sign,2023-02-05T19:32:23Z
6,service-b,bankid-auth,2023-06-11T20:00:47Z
7,service-b,spar,2023-11-16T03:08:44Z
5,service-a,bankid-auth,2023-10-31T02:24:56Z
6,service-b,sms,2023-10-17T12:57:23Z
8,service-a,sms,2023-05-15T09:51:29Z
7,service-a,bankid-sign,2023-10-02T16:56:40Z
8,service-a,bankid-auth,2023-09-16T11:43:13Z
1,service-a,spar,2023-04-09T15:20:35Z
3,service-a,sms,2023-05-31T17:38:03Z
1,service-a,spar,2023-02-08T05:21:06Z
9,service-b,sms,2023-09-18T12:10:39Z
10,service-b,spar,2023-12-03T23:31:04Z
7,service-a,sms,2023-05-22T14:17:02Z
2,service-b,bankid-sign,2023-09-04T16:37:10Z
1,service-a,sms,2023-05-26T20:48:08Z
10,service-a,sms,2023-08-12T18:07:47Z
7,service-a,sms,2022-12-29T01:49:47Z
2,service-b,spar,2023-09-03T17:08:52Z
8,service-a,spar,2023-10-18T03:21:27Z
4,service-a,bankid-auth,2023-09-18T16:36:50Z
6,service-a,spar,2023-03-15T13:42:26Z
9,service-a,bankid-auth,2023-06-08T20:48:44Z
6,service-b,bankid-auth,2023-07-27T08:27:02Z
9,service-a,sms,2023-08-16T01:36:43Z
5,service-a,spar,2023-07-17T01:02:56Z
10,service-a,spar,2023-02-09T23:09:25Z
1,service-b,bankid-sign,2023-11-18T04:30:30Z
9,service-a,sms,2023-03-29T16:32:06Z
5,service-a,bankid-auth,2023-03-07T05:37:33Z
3,service-b,bankid-sign,2023-09-03T21:40:08Z
5,service-b,spar,2023-05-10T15:01:30Z
5,service-a,spar,2023-07-10T06:29:40Z
10,service-b,spar,2023-10-03T21:41:33Z
6,service-a,sms,2023-05-31T13:17:49Z
2,service-b,bankid-sign,2023-06-29T22:40:56Z
5,service-b,bankid-sign,2023-02-08T16:13:06Z
3,service-a,bankid-auth,2023-04-09T05:22:31Z
8,service-b,bankid-sign,2023-08-17T21:20:44Z
4,service-b,spar,2023-05-13T10:22:57Z
5,service-a,spar,2023-01-12T17:39:38Z
7,service-a,bankid-sign,2023-05-27T18:48:16Z
4,service-b,bankid-sign,2023-09-02T09:25:12Z
7,service-a,bankid-auth,2023-10-04T23:44:51Z
7,service-a,bankid-sign,2023-07-24T06:52:14Z
2,service-b,sms,2023-08-14T03:23:46Z
9,service-b,bankid-sign,2022-12-16T11:12:22Z
2,service-b,bankid-auth,2022-12-27T07:57:50Z
5,service-a,spar,2023-08-07T09:52:30Z
5,service-a,spar,2023-03-10T03:19:27Z
3,service-b,bankid-auth,2023-05-29T04:02:23Z
1,service-a,bankid-sign,2023-05-08T08:23:36Z
8,service-b,bankid-auth,2023-10-31T09:19:18Z
9,service-a,bankid-auth,2023-02-16T00:00:25Z
6,service-b,bankid-auth,2023-05-18T04:35:41Z
5,service-b,bankid-auth,2023-03-14T20:23:19Z
10,service-b,sms,2023-10-09T16:30:06Z
9,service-b,sms,2023-01-21T13:50:26Z
2,service-a,sms,2023-07-18T17:43:19Z
1,service-a,bankid-sign,2023-11-21T18:45:44Z
9,service-b,spar,2023-09-05T08:39:26Z
2,service-b,sms,2023-08-06T03:50:30Z
5,service-a,bankid-auth,2022-12-21T11:32:10Z
2,service-a,sms,2023-09-18T01:19:50Z
6,service-a,bankid-auth,2023-02-19T07:12:43Z
8,service-a,bankid-auth,2023-02-22T02:03:14Z
7,service-a,sms,2022-12-16T16:16:42Z
8,service-a,bankid-sign,2023-10-02T11:31:31Z
7,service-b,bankid-sign,2022-12-24T18:59:10Z
3,service-a,bankid-sign,2023-04-29T20:02:05Z
5,service-a,bankid-sign,2023-10-25T00:17:24Z
10,service-a,sms,2023-03-23T07:35:37Z
6,service-b,bankid-auth,2023-04-22T13:39:36Z
10,service-b,sms,2023-11-06T01:57:15Z
8,service-b,spar,2023-06-14T04:31:09Z
4,service-a,sms,2023-11-27T04:45:00Z
9,service-b,spar,2023-09-23T20:24:12Z
10,service-b,sms,2023-03-02T21:18:26Z
6,service-a,bankid-auth,2023-11-23T02:03:09Z
5,service-a,sms,2023-04-13T09:40:59Z
5,service-b,spar,2023-12-01T22:32:52Z
5,service-a,spar,2023-05-11T00:24:42Z
9,service-b,sms,2023-07-30T12:22:52Z
10,service-b,sms,2023-06-23T13:55:29Z
9,service-a,sms,2023-02-05T10:39:11Z
1,service-a,spar,2023-07-19T19:16:20Z
9,service-b,spar,2023-12-03T07:21:37Z
3,service-b,spar,2023-03-30T08:34:36Z
6,service-b,sms,2023-11-19T13:17:50Z
1,service-a,bankid-auth,2023-02-12T21:50:09Z
6,service-b,bankid-sign,2023-06-24T19:34:14Z
3,service-a,spar,2023-02-08T04:59:33Z
1,service-b,spar,2023-11-06T05:45:09Z
4,service-b,spar,2023-01-07T11:25:04Z
5,service-a,bankid-sign,2023-09-28T05:31:39Z
9,service-b,bankid-auth,2023-02-19T08:41:20Z
6,service-b,bankid-auth,2023-03-30T10:02:54Z
9,service-a,spar,2023-10-26T15:51:16Z
1,service-a,bankid-auth,2023-07-20T17:11:42Z
6,service-b,spar,2023-11-09T16:54:35Z
2,service-b,spar,2023-09-24T10:07:05Z
4,service-a,spar,2023-09-03T13:41:36Z
1,service-a,bankid-auth,2023-09-07T14:08:07Z
3,service-b,bankid-sign,2023-08-04T03:46:20Z
5,service-a,sms,2023-05-21T07:25:21Z
5,service-a,sms,2023-11-24T11:06:17Z
9,service-b,bankid-auth,2023-02-19T14:27:26Z
10,service-a,spar,2023-11-30T12:02:15Z
4,service-a,sms,2023-03-11T10:55:27Z
9,service-a,bankid-sign,2023-05-03T20:42:41Z
7,service-b,bankid-sign,2023-08-18T17:48:22Z
6,service-b,sms,2023-08-26T08:19:28Z
1,service-a,bankid-sign,2023-07-26T15:44:09Z
8,service-a,bankid-auth,2023-02-17T11:21:12Z
5,service-a,spar,2023-06-13T09:50:44Z
4,service-b,bankid-auth,2023-08-12T02:16:02Z
6,service-a,bankid-sign,2023-09-14T17:54:56Z
9,service-b,bankid-auth,2023-11-23T14:02:20Z
7,service-b,spar,2023-05-17T15:05:47Z
10,service-a,bankid-auth,2023-08-19T22:54:01Z
8,service-b,spar,2023-12-05T13:58:09Z
10,service-b,bankid-auth,2023-08-06T04:48:10Z
10,service-a,sms,2023-01-22T06:41:09Z
1,service-b,spar,2023-11-06T17:31:51Z
4,service-b,spar,2023-04-28T06:31:00Z
8,service-a,bankid-sign,2023-05-07T10:19:46Z
5,service-a,bankid-sign,2023-05-14T13:02:01Z
4,service-a,sms,2023-04-09T23:09:51Z
8,service-b,bankid-sign,2023-08-21T10:56:27Z
10,service-b,sms,2023-05-12T19:20:50Z
8,service-b,spar,2023-01-31T00:34:25Z
5,service-b,spar,2023-11-26T19:47:59Z
1,service-a,bankid-sign,2023-07-02T11:31:54Z
8,service-b,spar,2023-03-25T04:57:15Z
6,service-a,spar,2023-06-15T08:41:29Z
7,service-b,spar,2023-08-23T22:11:17Z
7,service-b,bankid-auth,2023-07-01T14:05:46Z
8,service-b,bankid-sign,2023-09-08T10:06:37Z
7,service-a,spar,2023-02-09T20:57:40Z
8,service-b,sms,2023-10-22T07:45:39Z
6,service-b,bankid-auth,2023-09-01T13:07:50Z
6,service-a,spar,2023-12-13T18:48:15Z
6,service-b,bankid-sign,2023-08-04T17:53:24Z
9,service-a,bankid-sign,2023-04-02T07:50:13Z
3,service-a,sms,2023-07-17T09:23:04Z
4,service-b,bankid-auth,2023-08-13T14:41:06Z
9,service-a,sms,2023-08-29T18:54:55Z
1,service-b,spar,2023-05-02T08:06:22Z
8,service-a,bankid-sign,2023-09-03T15:59:57Z
1,service-b,spar,2023-08-11T12:32:22Z
7,service-b,bankid-sign,2023-08-30T18:18:35Z
3,service-b,spar,2022-12-27T13:46:39Z
7,service-b,sms,2022-12-16T14:57:07Z
5,service-a,bankid-auth,2023-10-31T08:40:43Z
6,service-b,sms,2023-10-06T16:21:38Z
9,service-b,bankid-auth,2023-06-07T22:03:28Z
10,service-a,spar,2022-12-20T01:52:53Z
5,service-b,bankid-auth,2023-08-25T19:07:10Z
1,service-b,sms,2023-08-29T16:37:23Z
10,service-b,spar,2023-11-03T09:50:44Z
5,service-a,sms,2023-09-26T04:23:26Z
4,service-b,bankid-auth,2023-03-10T18:20:48Z
10,service-a,spar,2023-06-16T02:06:59Z
10,service-a,bankid-sign,2023-08-18T12:26:59Z
9,service-b,spar,2022-12-31T08:50:40Z
9,service-a,sms,2023-08-12T03:40:26Z
10,service-b,sms,2023-07-20T20:50:07Z
1,service-b,bankid-sign,2023-11-12T04:56:27Z
6,service-b,bankid-auth,2023-06-21T00:04:59Z
8,service-b,bankid-sign,2023-04-02T03:30:18Z
10,service-b,spar,2023-03-03T23:49:26Z
8,service-b,sms,2023-12-09T02:28:46Z
3,service-a,bankid-auth,2023-09-29T17:34:44Z
6,service-a,bankid-sign,2023-10-24T07:54:09Z
8,service-b,bankid-sign,2023-09-30T01:00:59Z
5,service-b,spar,2023-08-23T02:16:53Z
9,service-b,bankid-sign,2023-08-31T03:41:05Z
8,service-a,spar,2023-07-17T01:00:52Z
5,service-a,spar,2023-05-19T00:35:29Z
2,service-a,bankid-sign,2023-01-06T11:44:55Z
3,service-b,bankid-auth,2023-03-14T14:31:01Z
5,service-b,bankid-sign,2023-09-13T15:44:35Z
6,service-a,spar,2023-08-27T09:36:04Z
2,service-b,sms,2023-07-21T23:34:57Z
1,service-a,spar,2023-01-14T21:25:56Z
9,service-a,spar,2023-01-08T04:00:33Z
7,service-b,bankid-auth,2023-08-18T04:15:40Z
6,service-a,spar,2023-04-22T17:42:36Z
10,service-a,bankid-sign,2023-09-07T02:05:39Z
3,service-b,sms,2023-05-23T18:38:36Z
7,service-a,sms,2023-08-28T03:34:22Z
8,service-a,spar,2023-06-10T19:50:52Z
5,service-a,bankid-auth,2023-12-12T05:16:20Z
8,service-a,bankid-sign,2022-12-22T04:03:22Z
5,service-a,sms,2022-12-17T23:51:47Z
9,service-a,spar,2023-08-06T20:35:37Z
4,service-b,bankid-sign,2023-05-23T20:06:00Z
9,service-b,sms,2023-04-15T22:44:05Z
2,service-b,bankid-sign,2023-06-13T22:10:12Z
2,service-a,bankid-auth,2023-11-12T08:28:12Z
8,service-a,sms,2023-10-14T00:46:01Z
1,service-a,sms,2023-07-04T13:46:49Z
4,service-b,sms,2023-08-02T21:57:11Z
9,service-a,bankid-sign,2023-11-19T02:24:17Z
5,service-a,spar,2023-11-26T17:41:25Z
9,service-a,bankid-sign,2023-02-04T01:52:30Z
6,service-a,spar,2023-08-23T22:06:25Z
2,service-a,spar,2023-04-29T14:09:14Z
4,service-b,sms,2023-11-06T07:17:34Z
1,service-a,bankid-auth,2023-12-15T15:01:41Z
6,service-b,bankid-sign,2023-07-29T17:19:37Z
2,service-b,bankid-sign,2023-01-25T02:59:01Z
6,service-b,sms,2023-05-02T04:24:40Z
3,service-a,bankid-sign,2023-01-17T14:46:15Z
3,service-a,bankid-sign,2023-10-24T15:59:46Z
5,service-a,sms,2023-01-29T00:02:22Z
2,service-a,spar,2022-12-24T19:07:01Z
2,service-a,bankid-auth,2023-09-16T06:21:35Z
10,service-a,bankid-sign,2023-04-08T08:19:04Z
8,service-a,sms,2023-04-05T14:26:54Z
1,service-a,spar,2023-01-14T13:06:24Z
10,service-a,bankid-auth,2023-10-27T10:08:39Z
7,service-a,bankid-sign,2023-07-13T11:26:26Z
1,service-a,bankid-auth,2023-06-06T22:17:23Z
5,service-a,sms,2023-04-17T07:22:06Z
1,service-a,sms,2023-06-05T04:39:03Z
5,service-b,bankid-auth,2023-01-11T19:52:51Z
2,service-b,bankid-sign,2023-06-04T14:46:14Z
9,service-b,bankid-sign,2023-08-08T18:33:55Z
10,service-b,bankid-sign,2023-08-24T13:32:16Z
5,service-b,spar,2023-09-15T18:53:33Z
6,service-a,spar,2023-10-04T04:08:57Z
2,service-b,bankid-sign,2023-05-03T22:27:25Z
4,service-b,sms,2023-04-11T15:19:04Z
8,service-a,bankid-sign,2023-07-16T11:32:34Z
3,service-b,bankid-auth,2023-06-01T03:18:11Z
2,service-a,bankid-sign,2023-08-06T07:45:56Z
3,service-a,bankid-sign,2023-05-06T21:53:21Z
8,service-a,bankid-auth,2023-10-14T05:25:43Z
7,service-a,spar,2023-12-03T08:51:38Z
9,service-a,spar,2023-07-25T03:07:26Z
4,service-a,sms,2023-07-08T17:59:30Z
4,service-b,bankid-sign,2023-07-16T01:03:30Z
3,service-b,sms,2023-08-31T22:33:31Z
8,service-a,sms,2023-10-29T02:02:31Z
4,service-a,bankid-sign,2023-10-25T05:00:06Z
8,service-b,bankid-auth,2023-06-24T02:58:41Z
4,service-b,sms,2023-07-23T22:58:04Z
2,service-a,bankid-auth,2023-03-15T14:36:07Z
6,service-a,bankid-sign,2023-12-09T16:27:12Z
10,service-a,sms,2023-05-21T03:05:09Z
6,service-a,spar,2023-08-07T21:31:52Z
6,service-b,bankid-auth,2023-07-09T02:54:51Z
10,service-b,bankid-auth,2023-09-01T11:13:44Z
5,service-b,bankid-sign,2023-02-14T23:50:24Z
3,service-a,sms,2023-10-03T09:58:06Z
10,service-a,bankid-sign,2023-04-21T15:43:44Z
2,service-a,sms,2023-04-13T21:25:53Z
3,service-a,bankid-sign,2023-08-08T00:56:35Z
6,service-a,bankid-auth,2023-11-15T00:10:23Z
10,service-b,bankid-sign,2023-11-05T10:59:47Z
7,service-b,sms,2023-11-22T21:10:19Z
6,service-b,bankid-sign,2023-03-13T23:44:38Z
9,service-b,bankid-auth,2023-04-22T00:03:27Z
6,service-a,bankid-sign,2023-10-04T11:37:38Z
10,service-a,bankid-sign,2023-12-15T18:54:42Z
10,service-a,bankid-auth,2023-01-09T14:15:45Z
5,service-b,sms,2023-08-02T23:24:48Z
5,service-b,sms,2023-07-30T14:10:42Z
3,service-a,spar,2023-03-10T12:57:31Z
9,service-b,sms,2023-09-20T23:25:16Z
2,service-b,spar,2023-11-22T00:40:46Z
6,service-b,bankid-sign,2023-11-28T11:47:00Z
10,service-b,bankid-auth,2022-12-28T21:30:22Z
6,service-a,bankid-sign,2023-08-07T03:18:28Z
1,service-b,bankid-sign,2023-02-18T16:56:49Z
1,service-a,bankid-sign,2023-06-04T00:38:22Z
3,service-a,bankid-sign,2022-12-18T15:45:40Z
4,service-b,spar,2023-11-14T14:21:46Z
6,service-a,spar,2023-06-21T14:30:46Z
10,service-a,sms,2023-05-14T12:51:38Z
10,service-b,bankid-sign,2023-04-15T05:26:20Z
6,service-a,sms,2023-05-03T12:57:57Z
2,service-a,sms,2023-07-07T13:37:05Z
2,service-b,sms,2023-02-28T18:32:05Z
9,service-b,bankid-auth,2023-07-20T22:17:23Z
7,service-b,sms,2023-03-07T03:01:52Z
3,service-b,bankid-auth,2023-07-16T18:40:51Z
5,service-b,bankid-sign,2023-11-09T06:50:22Z
8,service-b,bankid-auth,2023-11-22T09:52:20Z
4,service-a,bankid-auth,2023-07-01T04:32:47Z
3,service-a,sms,2023-05-25T10:45:31Z
10,service-a,spar,2023-10-18T08:03:51Z
5,service-a,spar,2023-07-09T02:08:17Z
10,service-a,bankid-sign,2023-03-14T10:54:22Z
10,service-b,spar,2023-04-15T17:16:41Z
5,service-a,bankid-sign,2023-02-06T09:00:43Z
10,service-b,sms,2023-09-21T05:16:16Z
1,service-a,bankid-auth,2023-09-01T04:14:47Z
2,service-b,bankid-sign,2023-04-28T08:10:15Z
2,service-b,sms,2023-08-08T02:42:06Z
10,service-a,spar,2023-10-05T22:17:26Z
2,service-b,bankid-auth,2023-01-01T11:59:51Z
4,service-b,spar,2023-04-26T11:32:05Z
1,service-b,bankid-auth,2023-06-28T06:59:05Z
3,service-a,sms,2023-08-14T17:07:47Z
2,service-b,spar,2023-04-28T18:51:08Z
2,service-a,sms,2022-12-16T17:36:12Z
4,service-b,sms,2023-05-23T23:20:22Z
5,service-a,spar,2023-09-26T14:28:01Z
3,service-b,bankid-auth,2023-09-07T19:34:03Z
1,service-a,bankid-sign,2023-01-15T02:23:54Z
9,service-a,spar,2023-11-07T17:38:14Z
3,service-a,sms,2023-05-16T03:28:37Z
4,service-a,bankid-sign,2023-04-06T03:53:51Z
8,service-a,bankid-sign,2023-10-19T16:46:01Z
4,service-a,bankid-auth,2023-10-30T04:01:17Z
5,service-b,sms,2023-08-29T19:29:20Z
4,service-a,sms,2023-08-21T18:11:00Z
8,service-a,bankid-auth,2023-03-23T03:47:57Z
1,service-b,bankid-sign,2023-09-21T13:15:54Z
3,service-b,sms,2023-11-27T05:38:08Z
2,service-b,sms,2023-10-28T13:04:40Z
8,service-a,bankid-auth,2023-05-21T06:37:04Z
6,service-b,spar,2023-07-27T15:08:03Z
5,service-a,spar,2022-12-18T16:05:33Z
1,service-a,sms,2023-11-12T12:44:48Z
4,service-b,spar,2023-05-29T09:08:37Z
7,service-a,bankid-sign,2023-10-08T11:38:54Z
9,service-b,bankid-sign,2023-06-22T11:24:56Z
9,service-a,bankid-sign,2023-06-29T06:33:14Z
10,service-b,spar,2023-09-30T04:04:01Z
5,service-b,bankid-sign,2023-10-09T01:37:52Z
2,service-a,sms,2022-12-29T18:04:14Z
2,service-a,spar,2023-02-22T16:57:09Z
9,service-b,bankid-auth,2023-02-04T22:05:28Z
5,service-b,bankid-sign,2023-09-14T17:45:15Z
3,service-a,bankid-sign,2023-05-21T06:54:21Z
1,service-b,sms,2023-01-03T10:36:05Z
10,service-b,bankid-auth,2023-05-25T18:08:48Z
1,service-b,bankid-auth,2023-09-15T03:44:29Z
3,service-a,bankid-sign,2023-11-10T03:40:07Z
2,service-b,bankid-auth,2023-10-18T15:01:53Z
2,service-a,sms,2023-01-10T13:43:27Z
7,service-a,bankid-sign,2023-10-07T13:44:42Z
7,service-a,sms,2022-12-25T07:12:30Z
1,service-a,bankid-sign,2023-02-10T08:53:49Z
5,service-b,bankid-sign,2023-08-30T04:26:55Z
5,service-a,bankid-sign,2023-11-04T03:41:20Z
5,service-b,spar,2023-01-23T07:40:33Z
4,service-b,bankid-auth,2023-05-18T03:58:50Z
5,service-a,spar,2023-02-28T15:44:21Z
3,service-b,bankid-sign,2023-01-14T08:58:22Z
3,service-b,bankid-auth,2023-03-14T06:16:14Z
3,service-a,spar,2023-07-18T08:40:11Z
7,service-b,sms,2023-02-16T09:07:32Z
2,service-a,sms,2023-11-12T15:23:24Z
4,service-a,sms,2023-07-14T07:13:13Z
3,service-a,sms,2023-12-04T22:00:30Z
3,service-a,bankid-auth,2023-11-05T18:33:43Z
2,service-a,bankid-auth,2023-02-03T00:43:32Z
6,service-a,bankid-sign,2023-08-24T20:01:48Z
9,service-a,spar,2023-05-16T17:09:28Z
4,service-b,spar,2023-10-18T22:39:53Z
9,service-b,bankid-auth,2023-06-07T00:07:50Z
4,service-b,bankid-sign,2023-07-08T18:46:55Z
6,service-a,sms,2022-12-19T06:57:17Z
5,service-a,bankid-sign,2023-09-25T23:56:27Z
5,service-a,spar,2023-02-25T13:44:40Z
3,service-a,spar,2023-11-26T20:40:41Z
10,service-b,bankid-auth,2023-05-27T21:44:44Z
9,service-b,sms,2023-04-19T06:39:02Z
2,service-a,bankid-sign,2023-09-02T23:58:43Z
10,service-b,sms,2023-11-26T03:06:05Z
7,service-a,bankid-auth,2023-06-19T06:00:20Z
1,service-a,sms,2023-05-16T00:05:04Z
8,service-b,bankid-sign,2023-09-22T12:13:45Z
7,service-b,sms,2023-04-25T22:34:02Z
5,service-a,bankid-sign,2023-06-03T20:24:42Z
6,service-a,bankid-auth,2023-01-19T14:26:51Z
4,service-b,spar,2023-01-04T13:01:00Z
5,service-a,bankid-auth,2023-03-11T18:03:52Z
6,service-b,bankid-sign,2023-02-28T19:28:00Z
3,service-a,spar,2023-04-23T12:40:35Z
6,service-a,bankid-sign,2023-09-22T01:18:49Z
10,service-b,bankid-auth,2023-06-04T01:46:59Z
1,service-b,sms,2023-05-03T23:19:28Z
5,service-a,spar,2023-04-22T19:00:50Z
4,service-a,bankid-auth,2023-09-14T02:22:18Z
4,service-a,sms,2023-10-23T20:38:24Z
5,service-b,spar,2023-03-06T14:05:10Z
10,service-a,bankid-auth,2023-03-23T08:23:12Z
2,service-b,bankid-auth,2023-02-16T19:08:06Z
9,service-b,spar,2023-05-22T02:35:06Z
9,service-a,spar,2023-02-27T12:47:36Z
7,service-a,bankid-sign,2023-09-19T14:29:11Z
2,service-a,spar,2023-07-21T21:21:10Z
7,service-b,sms,2023-03-22T00:22:41Z
3,service-a,sms,2023-08-31T03:54:28Z
5,service-a,bankid-auth,2023-09-21T15:37:26Z
5,service-b,bankid-auth,2023-09-06T18:11:46Z
2,service-b,spar,2023-06-11T00:06:11Z
1,service-a,bankid-sign,2023-08-10T09:07:58Z
6,service-a,bankid-auth,2023-10-01T10:12:12Z
4,service-a,sms,2023-02-18T15:32:42Z
2,service-a,bankid-sign,2023-04-10T11:09:12Z
1,service-a,bankid-sign,2023-03-05T10:45:55Z
10,service-a,bankid-sign,2023-12-08T05:05:30Z
6,service-a,bankid-auth,2023-10-02T08:42:05Z
1,service-b,bankid-auth,2023-01-27T02:54:49Z
10,service-a,spar,2023-05-20T20:35:59Z
2,service-b,bankid-auth,2023-03-23T01:53:17Z
9,service-a,spar,2022-12-22T19:38:58Z
3,service-a,spar,2022-12-23T20:38:34Z
2,service-a,spar,2023-05-04T15:00:40Z
1,service-b,sms,2023-07-04T21:23:17Z
3,service-a,spar,2023-08-27T06:29:05Z
1,service-a,sms,2023-10-30T02:56:11Z
6,service-b,bankid-auth,2023-04-15T20:39:33Z
7,service-a,sms,2023-05-12T03:40:56Z
9,service-b,spar,2023-06-03T09:12:41Z
2,service-b,spar,2023-08-09T09:40:43Z
3,service-b,bankid-auth,2023-04-11T15:24:34Z
1,service-b,bankid-sign,2023-04-30T01:43:43Z
2,service-a,bankid-sign,2023-10-21T12:38:02Z
1,service-a,sms,2023-10-28T10:06:31Z
8,service-b,bankid-auth,2023-11-12T03:24:33Z
10,service-b,bankid-sign,2023-07-31T07:34:16Z
8,service-b,sms,2023-06-30T11:24:06Z
7,service-b,spar,2023-10-05T03:39:11Z
7,service-b,bankid-sign,2023-03-05T10:21:39Z
2,service-b,bankid-sign,2023-02-05T05:29:04Z
7,service-a,sms,2023-08-14T08:21:50Z
2,service-a,spar,2023-10-25T11:39:05Z
8,service-b,spar,2023-08-13T10:52:22Z
10,service-a,sms,2022-12-25T23:32:21Z
2,service-b,spar,2023-03-24T13:36:49Z
3,service-b,bankid-sign,2023-02-12T03:35:46Z
10,service-a,bankid-auth,2023-08-14T04:22:26Z
10,service-b,bankid-auth,2023-11-20T02:28:32Z
2,service-b,sms,2023-06-25T04:16:52Z
6,service-b,bankid-auth,2023-09-12T21:40:58Z
5,service-b,bankid-sign,2023-04-13T14:02:20Z
1,service-a,bankid-sign,2023-07-31T05:49:50Z
2,service-a,bankid-sign,2023-02-18T01:03:14Z
7,service-b,bankid-sign,2023-12-13T10:40:51Z
8,service-b,sms,2023-07-23T01:13:03Z
3,service-a,bankid-auth,2023-08-24T07:47:43Z
10,service-a,bankid-auth,2023-07-07T12:42:22Z
4,service-a,spar,2023-06-14T16:07:47Z
2,service-a,sms,2023-01-01T00:13:40Z
8,service-a,sms,2023-02-03T19:54:16Z
5,service-b,bankid-sign,2023-03-29T02:55:05Z
7,service-b,spar,2023-03-23T15:36:36Z
1,service-a,spar,2023-09-03T06:30:13Z
5,service-a,bankid-sign,2023-07-09T23:35:03Z
3,service-a,bankid-auth,2023-05-12T23:29:11Z
1,service-a,bankid-sign,2023-10-17T21:00:59Z
5,service-b,bankid-auth,2023-04-08T12:47:32Z
3,service-a,sms,2023-01-11T09:43:19Z
10,service-b,bankid-auth,2023-01-16T02:05:53Z
3,service-b,bankid-sign,2023-12-15T03:29:48Z
3,service-a,bankid-sign,2023-09-25T05:57:59Z
3,service-a,sms,2023-07-15T16:19:41Z
2,service-a,bankid-sign,2022-12-23T16:22:53Z
9,service-a,spar,2023-02-27T20:23:17Z
9,service-a,bankid-sign,2023-03-26T05:44:27Z
1,service-a,bankid-auth,2023-05-08T04:58:05Z
8,service-b,sms,2023-10-07T23:48:37Z
2,service-b,bankid-sign,2023-10-16T15:56:33Z
1,service-b,sms,2023-07-05T01:32:15Z
7,service-b,spar,2023-01-19T05:37:27Z
3,service-a,bankid-sign,2023-03-29T19:16:24Z
3,service-b,spar,2023-05-24T02:09:47Z
2,service-a,bankid-sign,2023-01-09T00:34:36Z
6,service-b,bankid-auth,2023-09-18T01:36:14Z
10,service-b,sms,2023-08-25T21:16:32Z
3,service-b,bankid-auth,2023-11-05T22:38:19Z
8,service-a,bankid-auth,2023-12-01T18:48:58Z
7,service-b,bankid-sign,2023-06-07T21:27:39Z
4,service-b,spar,2023-11-07T06:28:00Z
9,service-a,bankid-auth,2023-07-17T19:06:19Z
7,service-a,sms,2023-07-20T10:25:12Z
10,service-b,bankid-sign,2023-07-11T16:38:18Z
9,service-b,bankid-sign,2023-09-01T19:35:01Z
2,service-a,sms,2023-09-29T10:56:21Z
3,service-b,sms,2023-06-09T22:34:10Z
7,service-b,bankid-sign,2023-09-10T07:24:26Z
7,service-a,spar,2023-04-04T23:06:25Z
7,service-b,spar,2023-11-05T22:21:10Z
10,service-a,spar,2022-12-22T08:18:32Z
4,service-b,sms,2023-12-13T10:01:55Z
7,service-a,bankid-auth,2023-10-10T14:53:50Z
3,service-a,spar,2023-02-01T14:15:23Z
5,service-b,spar,2023-09-24T19:12:37Z
8,service-a,sms,2023-07-27T20:54:04Z
4,service-b,sms,2023-12-04T19:44:57Z
8,service-b,sms,2023-06-24T12:23:20Z
8,service-b,bankid-sign,2023-02-23T07:24:19Z
5,service-b,bankid-sign,2023-02-09T21:18:05Z
9,service-a,sms,2023-05-09T05:49:57Z
2,service-b,spar,2023-02-20T05:29:12Z
5,service-b,bankid-sign,2023-07-27T16:09:02Z
3,service-a,bankid-auth,2023-08-22T12:39:57Z
2,service-a,spar,2022-12-29T01:00:44Z
5,service-a,bankid-sign,2023-06-17T18:58:11Z
5,service-b,sms,2023-09-27T16:10:19Z
6,service-a,bankid-auth,2023-06-14T00:31:52Z
10,service-a,spar,2023-02-09T02:41:24Z
4,service-b,sms,2023-10-06T15:28:57Z
3,service-b,sms,2023-06-24T05:59:51Z
6,service-a,sms,2023-02-11T04:50:23Z
4,service-a,bankid-sign,2023-10-31T13:05:07Z
5,service-a,sms,2023-11-28T02:08:39Z
8,service-b,bankid-sign,2023-03-24T17:29:18Z
8,service-a,sms,2023-08-15T05:46:57Z
7,service-a,bankid-auth,2022-12-28T05:03:48Z
5,service-a,bankid-auth,2023-02-22T17:44:48Z
9,service-b,bankid-auth,2023-10-10T09:09:57Z
7,service-a,bankid-auth,2023-07-05T21:43:36Z
2,service-b,spar,2023-04-03T23:25:46Z
5,service-b,sms,2023-05-24T13:10:41Z
5,service-b,sms,2023-06-12T18:49:48Z
1,service-a,spar,2022-12-25T12:18:35Z
7,service-b,bankid-auth,2023-09-04T04:16:34Z
6,service-b,spar,2023-01-20T17:05:16Z
9,service-a,bankid-sign,2023-03-04T23:54:17Z
8,service-a,bankid-sign,2023-07-12T03:25:17Z
6,service-a,spar,2023-05-31T16:55:56Z
8,service-a,bankid-auth,2023-11-14T00:39:33Z
8,service-a,bankid-auth,2023-09-12T04:13:32Z
3,service-a,bankid-sign,2023-03-07T17:03:49Z
6,service-b,bankid-auth,2023-07-02T10:26:41Z
2,service-b,sms,2023-07-08T18:36:47Z
6,service-a,spar,2023-12-01T06:35:34Z
5,service-b,spar,2023-05-16T07:43:14Z
10,service-a,spar,2023-06-09T16:02:12Z
10,service-b,bankid-auth,2023-06-26T19:04:05Z
7,service-a,spar,2023-02-01T00:07:04Z
3,service-b,spar,2023-11-03T20:49:03Z
8,service-b,bankid-auth,2023-12-03T07:04:31Z
9,service-b,bankid-sign,2023-10-10T23:22:28Z
6,service-b,bankid-sign,2023-08-01T03:01:19Z
10,service-a,spar,2023-01-10T21:09:27Z
5,service-b,bankid-sign,2023-11-07T23:15:41Z
6,service-a,spar,2023-08-28T03:12:02Z
2,service-b,sms,2023-05-01T09:30:47Z
6,service-b,bankid-auth,2023-11-26T12:14:33Z
7,service-a,bankid-sign,2023-07-23T09:29:00Z
4,service-a,bankid-sign,2023-05-17T11:00:09Z
2,service-b,spar,2022-12-31T13:13:30Z
4,service-b,bankid-sign,2023-06-08T21:10:22Z
1,service-b,sms,2023-09-03T05:04:28Z
3,service-b,sms,2023-10-27T22:09:42Z
5,service-a,spar,2023-07-07T18:00:48Z
10,service-a,bankid-sign,2023-01-31T04:34:51Z
2,service-b,sms,2023-03-09T23:07:24Z
10,service-a,bankid-sign,2023-11-24T15:03:03Z
7,service-a,bankid-auth,2023-04-29T20:08:51Z
1,service-a,bankid-auth,2023-04-20T07:03:06Z
3,service-b,bankid-auth,2023-07-19T16:03:13Z
3,service-a,bankid-auth,2023-05-22T08:56:04Z
2,service-b,sms,2023-08-06T19:14:17Z
6,service-b,bankid-auth,2023-03-21T20:52:42Z
4,service-b,spar,2023-07-13T14:16:21Z
5,service-a,spar,2023-05-27T03:30:41Z
6,service-a,bankid-sign,2023-05-31T20:53:19Z
6,service-b,spar,2023-05-31T16:34:35Z
6,service-a,bankid-auth,2023-11-12T20:48:39Z
3,service-a,bankid-auth,2023-05-19T06:44:58Z
2,service-b,bankid-sign,2023-05-11T22:25:05Z
7,service-a,sms,2023-07-22T00:56:36Z
10,service-a,sms,2023-05-10T22:18:21Z
4,service-a,bankid-auth,2023-08-25T20:28:05Z
8,service-b,spar,2023-05-17T20:50:43Z
9,service-a,spar,2023-12-06T08:33:25Z
3,service-a,sms,2023-11-23T11:56:16Z
7,service-b,bankid-sign,2023-01-14T18:00:17Z
6,service-b,bankid-auth,2023-01-05T00:11:49Z
1,service-a,spar,2022-12-16T17:20:53Z
8,service-b,bankid-sign,2023-09-14T02:12:38Z
10,service-a,bankid-sign,2023-06-01T01:03:30Z
2,service-a,spar,2023-05-29T22:20:11Z
10,service-a,bankid-auth,2023-09-23T15:04:34Z
2,service-a,spar,2023-09-27T06:47:25Z
4,service-b,bankid-sign,2023-06-20T04:04:11Z
1,service-b,spar,2023-03-14T10:25:25Z
10,service-a,spar,2023-05-28T10:53:54Z
5,service-b,spar,2023-04-23T23:20:38Z
5,service-b,spar,2023-03-30T18:05:34Z
4,service-b,bankid-sign,2023-06-01T08:38:28Z
3,service-b,bankid-sign,2023-08-01T02:19:15Z
5,service-b,sms,2023-04-16T00:31:03Z
6,service-a,spar,2023-02-03T02:28:27Z
7,service-b,bankid-sign,2023-05-25T03:27:33Z
10,service-a,bankid-sign,2023-03-16T13:31:56Z
9,service-a,sms,2023-08-01T00:41:36Z
6,service-a,bankid-auth,2023-12-12T04:01:26Z
2,service-b,sms,2023-07-21T07:12:14Z
5,service-a,bankid-sign,2023-08-21T13:49:28Z
10,service-a,bankid-sign,2023-05-29T03:28:04Z
4,service-a,spar,2023-03-19T01:11:39Z
5,service-a,bankid-sign,2023-06-07T17:16:34Z
5,service-b,bankid-auth,2023-05-20T00:31:58Z
2,service-a,sms,2023-05-14T13:24:03Z
9,service-b,bankid-sign,2023-08-06T00:03:30Z
2,service-a,spar,2023-02-26T15:50:59Z
8,service-b,spar,2023-05-26T05:40:18Z
6,service-a,bankid-auth,2023-01-13T10:01:37Z
2,service-b,sms,2023-06-09T07:37:20Z
6,service-a,bankid-sign,2023-11-03T09:23:48Z
7,service-a,sms,2023-05-02T20:31:41Z
10,service-a,spar,2023-04-12T04:46:09Z
7,service-a,bankid-sign,2023-10-20T13:50:49Z
1,service-b,bankid-sign,2023-02-25T04:46:16Z
7,service-b,bankid-sign,2023-03-24T22:02:46Z
7,service-b,sms,2023-01-07T01:53:55Z
2,service-b,spar,2023-09-21T20:26:44Z
10,service-b,spar,2023-11-05T04:30:43Z
8,service-b,bankid-sign,2023-10-21T18:21:43Z
4,service-b,spar,2023-05-08T15:35:11Z
10,service-a,sms,2023-11-15T15:52:38Z
6,service-b,sms,2023-03-16T15:54:48Z
6,service-a,spar,2023-04-02T20:06:20Z
10,service-a,bankid-sign,2023-05-22T00:34:08Z
5,service-a,bankid-sign,2023-03-31T06:53:12Z
3,service-b,sms,2023-10-13T16:26:10Z
10,service-b,bankid-auth,2023-01-07T00:35:45Z
5,service-b,spar,2023-02-27T20:16:34Z
10,service-a,sms,2023-07-31T07:44:29Z
1,service-b,bankid-sign,2023-07-11T15:07:55Z
1,service-a,bankid-auth,2023-04-15T01:09:02Z
3,service-b,sms,2023-10-06T04:02:50Z
10,service-b,sms,2023-11-03T08:57:10Z
6,service-a,spar,2023-01-15T09:22:08Z
5,service-a,bankid-auth,2022-12-31T14:56:38Z
8,service-a,bankid-sign,2023-03-14T06:26:03Z
1,service-a,bankid-sign,2023-06-13T00:45:45Z
4,service-b,bankid-sign,2023-10-06T00:25:19Z
1,service-b,spar,2023-05-28T18:57:39Z
5,service-a,bankid-sign,2023-12-02T05:02:10Z
10,service-b,bankid-sign,2023-03-14T06:26:30Z
10,service-a,spar,2023-04-18T14:17:49Z
5,service-b,bankid-sign,2023-02-12T17:32:23Z
3,service-b,bankid-sign,2023-01-23T23:45:25Z
10,service-b,sms,2022-12-23T23:21:28Z
7,service-b,bankid-sign,2023-09-05T02:03:32Z
8,service-a,spar,2023-08-24T07:33:42Z
4,service-a,spar,2023-10-25T06:11:09Z
6,service-a,spar,2023-01-15T21:58:37Z
2,service-b,spar,2023-03-18T06:39:12Z
9,service-a,bankid-sign,2023-04-28T19:37:55Z
6,service-a,bankid-sign,2023-09-06T11:39:29Z
10,service-b,bankid-auth,2023-07-31T02:14:19Z
5,service-b,bankid-sign,2023-03-30T08:10:07Z
10,service-b,bankid-auth,2023-03-21T12:43:40Z
10,service-a,bankid-sign,2023-11-26T22:07:26Z
1,service-b,bankid-sign,2023-07-10T17:49:57Z
8,service-b,sms,2023-05-10T11:26:18Z
6,service-b,bankid-auth,2023-06-29T22:38:34Z
9,service-a,bankid-auth,2023-10-05T23:00:47Z
3,service-a,bankid-auth,2023-01-11T20:28:40Z
3,service-a,spar,2023-01-09T09:27:02Z
3,service-b,spar,2023-11-11T19:44:25Z
7,service-a,bankid-auth,2023-03-04T13:27:45Z
8,service-b,sms,2023-02-21T20:44:20Z
3,service-b,bankid-sign,2023-04-15T18:53:26Z
4,service-a,bankid-sign,2023-04-01T16:53:46Z
4,service-a,spar,2023-11-16T01:24:23Z
10,service-a,bankid-sign,2023-08-13T07:12:40Z
2,service-b,bankid-sign,2023-08-24T14:34:19Z
7,service-a,sms,2023-06-25T13:27:35Z
6,service-a,bankid-auth,2022-12-20T04:32:04Z
4,service-a,bankid-auth,2023-04-26T08:04:09Z
1,service-b,bankid-auth,2023-10-11T23:28:20Z
1,service-a,spar,2023-11-26T07:37:58Z
8,service-b,bankid-auth,2023-09-04T02:34:14Z
8,service-b,bankid-sign,2023-02-10T23:16:52Z
2,service-a,bankid-auth,2023-09-02T16:51:11Z
10,service-a,sms,2023-05-13T14:06:42Z
2,service-a,spar,2023-03-12T12:27:34Z
5,service-a,bankid-auth,2023-02-22T13:59:50Z
8,service-b,bankid-sign,2023-03-29T16:56:56Z
5,service-a,bankid-auth,2023-08-24T15:47:20Z
4,service-b,bankid-sign,2023-08-01T15:52:38Z
8,service-b,spar,2023-11-12T13:31:11Z
1,service-b,bankid-sign,2023-01-03T00:21:04Z
5,service-a,bankid-sign,2023-09-24T02:45:41Z
3,service-a,bankid-sign,2023-06-20T14:52:07Z
4,service-a,spar,2023-05-07T02:15:19Z
2,service-a,bankid-sign,2023-07-19T11:32:13Z
9,service-b,bankid-sign,2023-07-13T19:58:58Z
10,service-a,bankid-auth,2023-11-12T23:19:46Z
8,service-b,sms,2023-03-07T06:37:02Z
5,service-b,sms,2022-12-22T02:21:43Z
6,service-b,bankid-sign,2023-12-03T23:10:02Z
3,service-a,bankid-auth,2023-12-12T10:06:12Z
8,service-a,bankid-sign,2023-06-18T06:43:23Z
1,service-b,bankid-auth,2023-04-20T19:20:51Z
10,service-a,bankid-sign,2023-07-23T06:15:50Z
6,service-b,bankid-sign,2023-04-21T10:11:09Z
2,service-b,bankid-auth,2023-05-20T18:45:34Z
5,service-b,bankid-auth,2023-10-06T12:47:11Z
2,service-b,sms,2023-02-20T16:55:01Z
9,service-b,spar,2023-11-23T00:59:32Z
9,service-a,bankid-sign,2022-12-16T22:29:33Z
10,service-a,spar,2023-06-24T05:59:59Z
2,service-b,sms,2023-11-26T14:51:39Z
6,service-a,sms,2023-11-28T07:58:29Z
10,service-a,bankid-sign,2023-04-06T05:20:48Z
7,service-b,bankid-sign,2022-12-24T05:44:54Z
7,service-a,bankid-auth,2023-01-19T08:33:35Z
8,service-b,spar,2023-06-05T01:19:18Z
7,service-a,spar,2023-11-04T03:39:41Z
4,service-a,sms,2023-02-25T19:48:46Z
5,service-b,spar,2022-12-31T17:00:27Z
6,service-b,spar,2023-05-04T05:42:04Z
6,service-b,sms,2023-10-03T08:14:35Z
10,service-a,spar,2022-12-24T06:06:51Z
6,service-a,bankid-auth,2023-01-09T04:33:21Z
6,service-a,spar,2023-10-08T21:23:03Z
1,service-b,spar,2023-05-31T08:53:46Z
3,service-b,sms,2023-03-31T18:21:03Z
9,service-b,bankid-sign,2023-11-26T20:57:19Z
4,service-a,bankid-auth,2023-12-03T05:47:11Z
8,service-a,sms,2023-05-09T21:24:38Z
2,service-a,bankid-sign,2023-08-26T03:39:11Z
3,service-b,bankid-sign,2023-07-17T09:05:08Z
5,service-b,spar,2023-06-16T06:33:30Z
7,service-b,bankid-auth,2023-09-13T17:46:26Z
7,service-a,sms,2023-04-03T10:30:17Z
2,service-a,bankid-auth,2023-06-03T14:16:52Z
3,service-a,sms,2023-10-09T14:01:03Z
8,service-b,bankid-auth,2023-11-10T19:27:00Z
6,service-b,bankid-sign,2023-03-09T23:03:43Z
9,service-b,bankid-sign,2023-04-09T23:26:08Z
3,service-b,sms,2023-10-26T19:06:12Z
2,service-a,bankid-sign,2023-05-15T20:27:26Z
1,service-a,bankid-sign,2023-02-10T14:36:03Z
5,service-b,sms,2023-05-30T23:52:31Z
2,service-a,sms,2023-01-21T02:04:02Z
7,service-b,bankid-auth,2023-08-15T01:31:12Z
2,service-a,sms,2023-07-05T17:40:53Z
1,service-b,spar,2023-04-19T21:07:35Z
2,service-b,sms,2023-03-16T16:42:36Z
9,service-b,spar,2023-08-14T06:13:44Z
8,service-b,bankid-auth,2023-07-18T02:54:48Z
10,service-a,bankid-auth,2023-05-25T08:22:06Z
2,service-b,sms,2023-05-03T14:33:02Z
7,service-b,sms,2023-10-20T04:51:52Z
10,service-b,bankid-auth,2023-05-17T20:38:04Z
1,service-b,sms,2023-05-07T01:36:11Z
8,service-b,bankid-auth,2023-09-20T17:24:21Z
10,service-b,spar,2023-10-20T13:15:58Z
3,service-b,bankid-auth,2023-08-12T04:51:34Z
1,service-a,bankid-sign,2023-10-02T01:37:38Z
5,service-b,bankid-sign,2023-06-09T16:00:19Z
5,service-a,bankid-auth,2023-03-31T15:12:06Z
6,service-a,spar,2023-02-23T16:06:56Z
1,service-a,bankid-sign,2023-01-27T06:22:41Z
10,service-a,spar,2023-11-20T22:18:45Z
8,service-b,sms,2023-08-20T15:10:50Z
1,service-b,sms,2023-06-27T10:01:12Z
9,service-b,bankid-sign,2023-12-04T20:02:16Z
3,service-a,sms,2023-09-02T23:35:29Z
5,service-b,sms,2023-03-31T23:28:34Z
10,service-b,bankid-auth,2023-04-19T01:40:53Z
9,service-a,spar,2023-01-06T20:08:05Z
10,service-b,bankid-sign,2023-11-10T07:21:40Z
7,service-b,bankid-sign,2023-05-15T09:13:33Z
10,service-a,bankid-auth,2022-12-24T01:03:33Z
10,service-a,bankid-auth,2023-04-10T22:49:46Z
10,service-a,sms,2023-09-24T01:47:45Z
1,service-b,bankid-auth,2023-03-09T16:22:46Z
9,service-a,spar,2023-09-08T03:21:18Z
7,service-b,bankid-sign,2023-04-16T18:44:21Z
3,service-b,bankid-sign,2023-12-05T00:37:28Z
10,service-b,bankid-sign,2023-03-11T16:57:31Z
3,service-b,sms,2023-08-31T03:16:59Z
9,service-b,bankid-sign,2023-07-07T09:48:40Z
5,service-a,spar,2023-07-16T19:24:34Z
6,service-a,bankid-auth,2023-10-20T04:06:22Z
1,service-a,bankid-auth,2023-08-19T13:32:50Z
9,service-b,bankid-auth,2023-01-31T08:30:00Z
8,service-b,bankid-sign,2023-03-26T03:46:21Z
2,service-a,bankid-auth,2023-12-12T23:24:19Z
3,service-a,spar,2023-11-19T16:03:11Z
9,service-b,bankid-sign,2023-02-16T17:57:13Z
6,service-b,bankid-auth,2023-12-10T03:11:19Z
7,service-b,bankid-sign,2023-10-22T06:10:55Z
6,service-a,sms,2023-05-20T17:08:28Z
10,service-b,spar,2023-08-02T02:34:47Z
10,service-b,bankid-sign,2023-10-15T18:57:54Z
8,service-b,sms,2023-07-05T08:07:32Z
9,service-a,bankid-sign,2023-02-03T01:35:51Z
6,service-a,spar,2023-08-22T00:34:49Z
10,service-b,sms,2023-05-29T11:06:44Z
2,service-a,bankid-sign,2023-12-12T19:33:01Z
6,service-a,sms,2023-02-07T19:19:34Z
3,service-a,spar,2022-12-25T10:10:48Z
9,service-b,bankid-auth,2023-06-25T02:07:57Z
7,service-a,bankid-auth,2023-03-15T11:37:49Z
6,service-b,spar,2023-05-27T21:06:23Z
3,service-b,bankid-auth,2023-02-06T09:13:55Z
6,service-b,sms,2023-03-07T21:39:20Z
7,service-b,bankid-sign,2023-09-18T06:14:44Z
10,service-b,bankid-sign,2023-10-28T06:56:00Z
10,service-a,sms,2023-10-16T18:11:14Z
1,service-b,sms,2023-04-20T07:39:46Z
1,service-a,sms,2023-02-21T05:06:53Z
1,service-a,sms,2023-05-23T14:12:46Z
2,service-a,sms,2023-05-25T01:14:59Z
10,service-a,bankid-sign,2023-07-09T07:29:20Z
5,service-b,spar,2023-10-17T14:25:42Z
4,service-a,bankid-auth,2023-01-24T09:51:35Z
9,service-a,bankid-sign,2023-09-18T00:58:55Z
5,service-b,spar,2023-04-02T19:23:01Z
8,service-a,sms,2023-05-16T02:45:56Z
6,service-b,bankid-auth,2023-07-18T03:19:29Z
5,service-b,bankid-sign,2023-12-04T14:44:22Z
5,service-b,sms,2023-11-15T12:47:04Z
1,service-a,sms,2023-04-03T02:31:27Z
8,service-a,spar,2023-08-30T11:42:52Z
8,service-a,sms,2023-08-08T15:17:22Z
2,service-a,bankid-sign,2023-05-31T12:58:42Z
4,service-a,sms,2023-03-13T08:07:05Z
9,service-b,bankid-auth,2023-01-01T02:21:14Z
7,service-b,sms,2023-07-30T16:47:32Z
6,service-a,bankid-auth,2023-02-12T00:56:28Z
6,service-b,spar,2023-08-07T07:14:16Z
4,service-b,bankid-auth,2023-09-15T07:53:23Z
10,service-b,bankid-sign,2023-03-20T13:38:54Z
6,service-a,bankid-sign,2023-07-11T04:50:30Z
2,service-a,bankid-sign,2023-01-31T06:50:38Z
5,service-a,sms,2023-08-01T08:36:52Z
2,service-b,bankid-auth,2023-04-26T18:26:15Z
3,service-b,bankid-auth,2022-12-30T15:12:15Z
10,service-a,bankid-auth,2023-03-02T12:31:17Z
10,service-b,bankid-auth,2023-11-24T05:20:34Z
1,service-a,bankid-sign,2023-10-14T20:27:34Z
1,service-a,bankid-sign,2023-02-16T21:22:33Z
6,service-b,bankid-auth,2023-10-10T04:37:52Z
1,service-b,spar,2023-05-18T16:25:36Z
9,service-b,bankid-sign,2023-01-11T17:54:11Z
6,service-b,bankid-sign,2023-10-08T11:12:56Z
4,service-a,spar,2023-03-02T16:08:25Z
6,service-a,spar,2023-02-18T21:27:47Z
9,service-b,bankid-sign,2023-08-16T07:27:43Z
7,service-b,bankid-sign,2023-06-08T10:23:44Z
5,service-a,bankid-auth,2023-11-22T06:40:16Z
3,service-b,bankid-sign,2023-12-11T04:20:19Z
7,service-a,sms,2023-02-10T13:29:18Z
7,service-b,bankid-auth,2023-04-25T21:04:11Z
9,service-b,spar,2023-05-21T19:59:55Z
3,service-a,sms,2023-06-10T23:06:54Z
5,service-a,sms,2023-11-05T05:51:12Z
9,service-a,bankid-auth,2023-10-17T08:56:54Z
3,service-b,sms,2023-04-18T11:35:06Z
8,service-a,bankid-auth,2023-11-06T07:04:56Z
7,service-b,sms,2023-01-02T10:27:05Z
2,service-a,spar,2023-08-01T00:25:35Z
3,service-b,spar,2023-10-30T03:49:31Z
4,service-b,sms,2023-01-03T09:29:14Z
7,service-b,bankid-sign,2023-12-03T03:35:14Z
9,service-b,spar,2023-11-07T20:15:49Z
9,service-a,bankid-sign,2023-05-19T12:39:45Z
7,service-a,sms,2023-10-21T22:00:50Z
5,service-a,sms,2023-05-06T01:13:32Z
5,service-b,bankid-sign,2022-12-26T02:52:35Z
7,service-b,spar,2023-07-15T23:46:46Z
8,service-b,sms,2023-09-28T15:58:42Z
1,service-b,sms,2023-06-12T04:02:49Z
6,service-b,bankid-auth,2023-07-06T17:13:53Z
5,service-a,bankid-sign,2023-09-04T16:49:37Z
5,service-b,spar,2023-01-28T10:25:51Z
1,service-a,spar,2022-12-31T11:39:00Z
2,service-a,spar,2023-01-03T14:16:34Z
5,service-a,sms,2023-01-21T20:06:21Z
8,service-b,bankid-auth,2023-03-09T11:42:08Z
8,service-b,spar,2023-06-13T20:21:21Z
5,service-a,bankid-auth,2023-07-08T21:13:04Z
5,service-b,bankid-sign,2023-09-20T03:36:43Z
10,service-a,bankid-sign,2023-04-25T14:55:14Z
2,service-a,bankid-sign,2023-09-25T08:22:52Z
10,service-b,bankid-sign,2023-12-12T08:58:22Z
1,service-b,bankid-auth,2023-08-21T20:33:01Z
9,service-a,spar,2023-12-01T20:18:57Z
8,service-a,bankid-auth,2023-05-04T20:36:04Z
7,service-a,sms,2023-01-01T11:05:46Z
1,service-a,spar,2022-12-17T10:50:53Z
3,service-b,bankid-sign,2023-10-10T12:55:55Z
1,service-b,bankid-sign,2023-08-10T14:45:35Z
3,service-a,spar,2022-12-18T15:32:04Z
9,service-b,sms,2023-03-11T03:13:50Z
7,service-a,bankid-sign,2023-05-11T03:41:16Z
4,service-a,bankid-auth,2023-02-15T02:53:58Z
9,service-a,bankid-sign,2022-12-25T02:16:46Z
2,service-a,bankid-sign,2023-02-12T15:49:25Z
3,service-a,sms,2023-03-26T06:41:21Z
7,service-b,spar,2023-07-27T22:06:04Z
4,service-a,bankid-auth,2023-05-29T14:03:00Z
1,service-b,bankid-auth,2023-10-19T10:46:57Z
1,service-a,bankid-auth,2023-02-01T03:30:48Z
1,service-b,bankid-auth,2023-03-29T03:55:17Z
8,service-a,sms,2023-04-03T15:48:06Z
4,service-b,bankid-sign,2023-10-16T22:46:53Z
4,service-b,bankid-sign,2023-10-09T05:53:00Z
2,service-a,sms,2023-05-10T01:17:00Z
4,service-b,sms,2023-11-17T23:05:35Z
3,service-b,bankid-sign,2023-11-29T15:38:13Z
3,service-a,sms,2023-07-08T22:36:32Z
3,service-b,sms,2023-11-11T10:48:10Z
1,service-b,bankid-sign,2023-11-30T04:40:06Z
7,service-b,bankid-sign,2023-10-13T03:36:16Z
2,service-a,bankid-auth,2023-05-17T04:33:54Z
7,service-a,sms,2023-10-08T13:36:56Z
5,service-b,bankid-sign,2023-06-17T14:06:09Z
10,service-a,sms,2023-09-04T23:31:26Z
6,service-b,bankid-sign,2023-02-15T02:07:24Z
7,service-b,sms,2023-02-14T15:05:35Z
10,service-b,bankid-auth,2023-05-12T06:22:06Z
7,service-b,bankid-sign,2023-12-10T21:06:07Z
1,service-a,sms,2023-05-20T15:25:27Z
2,service-a,spar,2023-02-08T19:32:10Z
3,service-a,sms,2023-11-04T19:42:52Z
4,service-a,sms,2023-05-06T11:40:02Z
9,service-a,spar,2023-02-07T06:21:32Z
8,service-a,sms,2023-11-06T22:33:52Z
6,service-a,bankid-sign,2023-03-22T22:39:45Z
4,service-b,sms,2023-09-08T08:32:28Z
2,service-a,spar,2023-02-07T01:47:02Z
2,service-b,bankid-auth,2023-02-08T18:11:49Z
1,service-a,bankid-auth,2023-11-22T00:38:25Z
8,service-b,bankid-sign,2023-06-25T14:59:54Z
2,service-b,bankid-sign,2023-06-20T12:53:52Z
5,service-b,bankid-sign,2023-09-04T00:22:38Z
10,service-b,spar,2022-12-18T23:24:24Z
4,service-a,bankid-auth,2022-12-19T17:17:16Z
10,service-a,spar,2022-12-18T22:17:19Z
7,service-b,spar,2023-08-22T00:31:49Z
8,service-b,spar,2023-03-11T09:21:07Z
4,service-a,bankid-sign,2023-07-25T07:18:07Z
5,service-b,sms,2023-04-08T15:00:55Z
8,service-a,bankid-auth,2023-03-16T05:51:40Z
7,service-a,spar,2023-07-31T19:10:24Z
5,service-b,bankid-auth,2023-03-23T20:05:40Z
5,service-a,sms,2023-07-19T02:29:51Z
3,service-a,bankid-auth,2022-12-18T11:49:20Z
4,service-b,sms,2023-01-23T06:08:56Z
10,service-a,spar,2023-06-06T01:24:54Z
9,service-a,bankid-auth,2023-09-29T19:51:35Z
3,service-a,spar,2023-05-20T06:32:40Z
6,service-a,sms,2023-01-09T18:31:13Z
4,service-b,bankid-auth,2023-06-12T15:41:18Z
10,service-a,sms,2023-04-04T03:55:02Z
10,service-a,bankid-auth,2023-07-16T22:22:36Z
4,service-a,sms,2023-04-22T21:48:02Z
10,service-a,bankid-sign,2023-05-20T07:41:43Z
8,service-a,bankid-auth,2023-07-23T17:20:15Z
10,service-b,sms,2023-02-11T21:44:58Z
4,service-b,spar,2023-04-24T07:11:53Z
10,service-a,sms,2023-01-19T10:45:03Z
2,service-a,spar,2023-11-16T05:44:26Z
10,service-b,bankid-auth,2022-12-18T18:49:48Z
5,service-a,bankid-sign,2023-07-02T20:29:11Z
5,service-b,bankid-auth,2023-10-29T23:34:08Z
8,service-a,sms,2023-04-16T04:06:18Z
10,service-a,bankid-auth,2023-09-21T11:35:03Z
4,service-a,spar,2023-06-08T17:27:42Z
2,service-b,spar,2023-09-20T07:05:40Z
3,service-b,bankid-auth,2023-06-15T21:17:48Z
9,service-a,spar,2023-11-01T09:06:35Z
1,service-a,bankid-auth,2023-07-01T04:27:39Z
5,service-a,sms,2023-08-04T07:00:02Z
8,service-a,spar,2023-09-05T09:12:28Z
4,service-b,spar,2023-07-02T00:17:03Z
4,service-a,bankid-auth,2023-01-01T22:59:07Z
4,service-a,spar,2023-10-02T20:24:22Z
9,service-a,spar,2023-11-26T22:17:03Z
7,service-a,bankid-sign,2023-05-28T16:09:02Z
2,service-a,bankid-sign,2023-06-01T03:59:26Z
5,service-a,bankid-auth,2023-05-21T07:35:12Z
7,service-b,bankid-auth,2023-01-25T23:58:56Z
2,service-b,sms,2023-07-02T05:41:15Z
6,service-b,spar,2023-11-28T00:21:12Z
9,service-a,spar,2023-01-16T12:06:19Z
10,service-b,sms,2023-06-29T14:03:44Z
9,service-b,bankid-auth,2023-07-05T21:56:13Z
3,service-a,bankid-auth,2023-05-16T22:33:42Z
9,service-b,spar,2023-11-09T02:32:15Z
3,service-b,bankid-sign,2023-07-09T09:41:50Z
4,service-a,spar,2023-07-29T03:26:52Z
4,service-a,spar,2023-02-24T14:33:59Z
8,service-b,sms,2023-05-23T06:24:14Z
10,service-b,sms,2023-05-29T23:10:49Z
9,service-a,spar,2023-06-24T08:28:03Z
8,service-b,bankid-sign,2023-07-23T14:56:57Z
8,service-b,bankid-auth,2023-07-15T02:47:33Z
3,service-b,spar,2023-05-25T04:59:58Z
9,service-a,spar,2023-04-27T06:11:49Z
